name,class,age,score,passed,level,zscore
Alice,A,18.0,91.0,True,优秀,0.7395441611851465
Cindy,A,18.5,85.0,True,良好,0.398216086792002
Eva,B,19.0,99.0,True,优秀,0.5773502691896261
Frank,B,20.0,99.0,True,优秀,0.5773502691896261
